country,life_expectancy,total_expenditure,population
Japan,83,6,97384
Singapore,81,4,4730174
Republic of Korea,80,6,48971750
Cyprus,80,7,390274
Qatar,77,3,1433213
Brunei Darussalam,76,3,376050
Bahrain,76,4,1045686
United Arab Emirates,76,3,6442094
Maldives,76,8,3334
Oman,75,3,2934736
