country,coverage,life_expectancy,under_five_deaths
Japan,96,83,4
Singapore,96,81,0
Republic of Korea,94,80,3
Cyprus,96,80,0
Qatar,94,77,0
Brunei Darussalam,98,76,0
Bahrain,98,76,0
United Arab Emirates,95,76,1
Maldives,98,76,0
Oman,99,75,1
